claim,claim_type,named_source_in_transcript,verification_status
Approximately one-third of family offices hire almost entirely through word of mouth,Statistic,Family office recruiters cited in documentary,Needs external verification
Chief of staff is one of the fastest-growing family-office positions,Trend claim,Documentary narration,Needs external verification
"Approximately 8,000 single-family offices exist worldwide",Market-size estimate,Researchers cited in documentary,Needs external verification
The direct family-office workforce numbers in the tens of thousands,Workforce estimate,Documentary narration,Needs external verification
Amazon employs more people than all family offices combined,Comparison,Documentary narration,Needs external verification
Only a few hundred family-governance specialists may exist worldwide,Workforce estimate,Documentary narration,Needs external verification
Family offices manage trillions of dollars,Market-size claim,Documentary narration,Needs external verification
Family offices increasingly resemble small private companies built around one family,Analysis,Documentary argument,Supported as analysis
Trust is the central operating currency of the industry,Analysis,Documentary conclusion,Supported as analysis
